dataset,kind,code,ROC-AUC,ROC-AUC_std,AP(bal),AP(bal)_std,PR-AUC@p,PR-AUC@p_std,Prec@80%rec,Prec@80%rec_std,Alert%,Alert%_std
Primary (Azamuke 2024),model,QDFL,0.8776999999999999,0.006154266812551763,0.8079666666666666,0.010726524755645379,0.3273333333333333,0.017248574820354294,0.32193333333333335,0.017399377383496513,25.49416666666667,1.2924790456069593
Primary (Azamuke 2024),model,QDFP,0.8725666666666667,0.00821817092381641,0.8036333333333333,0.012968937247642483,0.3216666666666667,0.01932261196974469,0.32043333333333335,0.014041130058985232,25.6173,1.1675113275681526
Primary (Azamuke 2024),model,QDQC,0.8723666666666666,0.014461615861776324,0.8026333333333332,0.0235803590586244,0.3206,0.03542760223328738,0.3232333333333333,0.021586299667459726,25.354033333333334,1.624757009011914
Primary (Azamuke 2024),model,QDQS,0.8678333333333333,0.01269737505680753,0.8004333333333333,0.023050560369183185,0.3194,0.03273904396893739,0.3151333333333333,0.019236900304709686,26.019333333333336,1.5269740774922664
Primary (Azamuke 2024),model,QSFA,0.7640333333333333,0.012989354615733884,0.7135000000000001,0.02098082457864083,0.22856666666666667,0.02122270796419065,0.18286666666666665,0.009343357711943426,44.783433333333335,2.3032548140257756
Primary (Azamuke 2024),model,QSFP,0.7603666666666666,0.02132049092617871,0.7050000000000001,0.03552506157629854,0.22203333333333333,0.03267810174005427,0.1834,0.0133790881602596,44.68343333333333,3.386530320746155
Primary (Azamuke 2024),model,VQDVF,0.8856,0.011069101137836414,0.8215666666666667,0.018461265756532674,0.3468333333333333,0.03000563835903735,0.3297666666666667,0.022676933949131554,25.0595,1.6935090182812769
Primary (Azamuke 2024),model,VQFA,0.8566333333333334,0.014604736674557584,0.7869666666666667,0.003972195027101166,0.2981666666666667,0.0014029730337124253,0.2959333333333333,0.023151853777469693,27.886,2.0325023111918625
Primary (Azamuke 2024),model,VQFP,0.8644,0.008322259308629534,0.7875666666666667,0.00958036185815869,0.29833333333333334,0.011650464940650744,0.30763333333333337,0.01790484105858778,26.735,1.5163479910627564
Primary (Azamuke 2024),model,VQQD,0.8676333333333334,0.001971885730287849,0.7970666666666667,0.0028867513459191253,0.31293333333333334,0.006265647080173913,0.3131333333333333,0.000814452781531874,26.1459,0.10610245048852604
Primary (Azamuke 2024),model,VQQS,0.8712333333333332,0.010811722033689004,0.7976000000000001,0.01079814798934522,0.31116666666666665,0.012993010941785132,0.3178666666666667,0.016554707286247222,25.823400000000003,1.3754976717536314
Primary (Azamuke 2024),baseline,MLP,0.8841666666666667,0.004922736366427268,0.8077666666666667,0.01967062107136075,0.3284333333333333,0.02179961773365207,0.3308,0.0025553864678315944,24.822766666666666,0.054598702671927485
Primary (Azamuke 2024),baseline,XGBoost,0.8896000000000001,0.005607138307540012,0.8271666666666667,0.008203251387894689,0.35453333333333337,0.013870952863207093,0.33089999999999997,0.008421698166047003,24.73223333333333,0.6997565457596185
Primary (Azamuke 2024),ensemble,Meta-learner (CV stack),0.8854000000000001,0.010028210209199142,0.8231,0.008140945890974985,0.35090000000000005,0.009915392074950326,0.3302333333333333,0.020868596822338385,25.00303333333333,1.181697906968417
Primary (Azamuke 2024),ensemble,Top-5 weighted,0.8794333333333334,0.008379041313482341,0.8043666666666667,0.015946577480242505,0.321,0.02105112823579648,0.32143333333333335,0.0228458603106413,25.6377,1.5143490152537125
Primary (Azamuke 2024),ensemble,Weighted vote (all 11),0.8787666666666666,0.006742279535407975,0.8039999999999999,0.012375580794461242,0.32066666666666666,0.015583752222533586,0.32380000000000003,0.019141447176219243,25.37783333333333,1.5344983572273083
PaySim (Lopez-Rojas),model,QDFL,0.9115333333333333,0.08155423553276217,0.9114333333333334,0.06867298110125289,0.1447,0.10479680338636285,0.013199999999999998,0.009373899935459099,14.251866666666666,14.35843337148358
PaySim (Lopez-Rojas),model,QDFP,0.8979333333333334,0.10126990339352189,0.8997666666666667,0.08776815101922236,0.1275,0.09457007983500913,0.011233333333333333,0.008090632443346646,18.4797,20.107693532576032
PaySim (Lopez-Rojas),model,QDQC,0.9360333333333334,0.006945022198175287,0.9287000000000001,0.006298809411310742,0.1257,0.06635454016116756,0.009633333333333334,0.001004158022092792,10.822866666666664,1.0772004355427074
PaySim (Lopez-Rojas),model,QDQS,0.9497333333333334,0.004047015361117677,0.9432333333333333,0.004050720100624857,0.19933333333333333,0.05401229798234222,0.0114,0.0007778174593051926,9.091800000000001,0.5992005715951699
PaySim (Lopez-Rojas),model,QSFA,0.9537666666666667,0.0060106849304566385,0.9476999999999999,0.002763150375970855,0.18643333333333334,0.11028296937121947,0.013133333333333332,0.004318950489798814,8.4261,2.5971404813756274
PaySim (Lopez-Rojas),model,QSFP,0.9537333333333334,0.006803920438463944,0.9478333333333334,0.0034253953543167356,0.17746666666666666,0.11091536563223933,0.012733333333333333,0.003870831090777976,8.659533333333334,2.4969053212593564
PaySim (Lopez-Rojas),model,VQDVF,0.9776666666666666,0.0018461672009294117,0.9749666666666666,0.0028510232081699343,0.2117,0.17641791292269615,0.05336666666666667,0.0056963438566622,1.9685,0.2072031370418951
PaySim (Lopez-Rojas),model,VQFA,0.9162333333333333,0.03694128223726572,0.8814000000000001,0.07077640849887917,0.06176666666666667,0.053417771699438496,0.007699999999999999,0.0031968734726291574,14.884566666666666,5.041120773531749
PaySim (Lopez-Rojas),model,VQFP,0.9118666666666666,0.03727215224981686,0.8767666666666667,0.06900509643014163,0.05656666666666666,0.04319789732537146,0.0075,0.002747726332806816,14.951100000000002,4.594759155820892
PaySim (Lopez-Rojas),model,VQQD,0.9549666666666666,0.00506540554480536,0.9487666666666668,0.005029247789990136,0.1434,0.10214254745207796,0.014033333333333333,0.005029247790011274,7.926466666666666,2.3830354546949835
PaySim (Lopez-Rojas),model,VQQS,0.9450666666666666,0.011497101083910083,0.9346,0.012926329718839273,0.17966666666666667,0.03693519098818008,0.0117,0.005095586325438906,9.857366666666666,3.534303939014495
PaySim (Lopez-Rojas),baseline,MLP,0.9942666666666667,0.0016980380834897102,0.9942000000000001,0.0031874754900989115,0.6355333333333334,0.1850561491367777,0.23096666666666665,0.12309369737453393,0.5752999999999999,0.30108310314595893
PaySim (Lopez-Rojas),baseline,XGBoost,0.9980666666666665,0.0007164728422056546,0.9981,0.0006708203931975185,0.8114666666666667,0.07866643714655787,0.5710666666666667,0.37149299230716754,0.24440000000000003,0.11438063647313726
PaySim (Lopez-Rojas),ensemble,Meta-learner (CV stack),0.9770666666666666,0.0012935738607554347,0.9723,0.007213875518743024,0.18889999999999998,0.07998796784517037,0.04953333333333334,0.008348852216522502,2.1344333333333334,0.3501779238234947
PaySim (Lopez-Rojas),ensemble,Top-5 weighted,0.9677666666666666,0.003466746793990152,0.9663,0.003014962686306889,0.22909999999999997,0.0603516362661363,0.022866666666666664,0.005415563990327656,4.6977,1.0521808874903569
PaySim (Lopez-Rojas),ensemble,Weighted vote (all 11),0.9626,0.004000624951177705,0.9586,0.003956008088960723,0.13633333333333333,0.033326540974624515,0.019466666666666667,0.006835446827628272,5.729833333333333,1.6988038183773129
